series,total count
/products/boltai,306
/products/typefully,220
/products/shipixen,201
/products/typingmind,184
/products/screen-studio,182
/products/ai-scraper,167
/products/sip,117
/products/devutils,110
/products/localcan-,104
/products/tableplus,97
/products/xnapper,84
/products/chatsy,81
/products/braindump,65
/products/kerlig-,65
/products/pdf-pals,62
/products/alter-ai-built-for-macos,60
/products/donkeycarrot,59
/products/audio-writer,56
/products/macaw,54
/products/mindpal,52
/products/recut,49
/products/1price,43
/products/ghostfolio,43
/products/aptakube,42
/products/focu,41
/products/bannerify,39
/products/atomic,37
/products/crontap,36
/products/unicorn-platform,36
/products/chromekit,34
/products/compressx,34
/products/screenshotone,34
/products/boringlaunch,33
/products/clobbr,32
/products/bayview-window-manager,31
/products/folge,31
/products/headshotpro,31
/products/fit-records,29
/products/anotherwrapper-ai-demo-apps,28
/products/side-space,27
/products/stagetimer-desktop-lifetime-license,27
/products/inventory-tracker-itemlist,26
/products/resmume,26
/products/carrd,25
/products/minizones,25
/products/ai-learning-hub,24
/products/captionify,24
/products/deskrest,24
/products/fileminutes,24
/products/link-building-software,24
/products/palettebrain-3,24
/products/proxyman,24
/products/cyberbots,23
/products/writers-brew-ai,23
/products/ai-face-swap-aisaver,22
/products/creatorscrown-creators-hub,22
/products/ai-dev-assess,21
/products/codelime,21
/products/mumblesort,21
/products/tailkit,21
/products/ultimate-cursor-ai-course,21
/products/verbatik-ai,21
/products/zen-mode,21
/products/branding5,20
/products/directoryfast,20
/products/drivedex,20
/products/small-bets-community,20
